plcc,krcc,srcc,initialization_time,inference_time,full_time
0.944560371747144,0.7739690704300044,0.9174100360299207,1919.5809023720878,138.26911790030343,2057.8500202723912
